model,covariate,coef,exp_coef,se,p,ci_lower,ci_upper
Main,Atypicality_centered,-4.4469148316281615,0.01171465295288384,0.0966281676154014,0.0,-4.636302560046448,-4.257527103209875
Main,Initial_Dataset_Atyp,0.930141629688396,2.5348681647839375,0.0502007244473155,1.2174280090495301e-76,0.8317500177738382,1.0285332416029538
Main,Dataset_Atyp_Slope,7.641196641429424,2082.234013824314,0.19070457142718406,0.0,7.267422549744997,8.01497073311385
Main,Dataset_Atyp_Volatility,-0.34078272907298146,0.7112134174191327,0.10829145682983307,0.0016500959578316925,-0.5530300842928284,-0.12853537385313457
Main,log_H_index,-0.1315468492215208,0.8767381996734953,0.018557318834899694,1.3539960037810462e-12,-0.167918525787551,-0.0951751726554906
Main,Topic_Diversity,-3.1803397329529473,0.041571529503363396,0.10220368435013179,1.3895638952764002e-212,-3.3806552733665054,-2.980024192539389
Main,Academic_Age,0.004479207391641445,1.0044892540358035,0.0006827588826880856,5.364465003508996e-11,0.0031410245714479893,0.005817390211834901
Main,log_Average_Team_Size,0.13340276399815992,1.1427101481667936,0.005618802256663001,1.3225379911656506e-124,0.12239011393884806,0.1444154140574718
Main,log_author_avg_journal_impact,-0.3078340065086909,0.7350373192939511,0.021905013169150285,7.370272176754945e-45,-0.35076704340110104,-0.2649009696162808
Main,Hemisphere_North,0.06931181765231416,1.071770353965106,0.02923490757639766,0.017746842675877676,0.012012451711217585,0.12661118359341073
Main,Hemisphere_South,-0.024076824361796603,0.9762107101122629,0.0726705051469484,0.740406604286429,-0.16650839718814808,0.11835474846455489
Main,Develop_Status_Developed,0.5000375480873827,1.6487831781927167,0.023504374759969398,1.9670331368346878e-100,0.45396982007871034,0.546105276096055
Main,Develop_Status_Developing,0.31384401459224887,1.3686762263763224,0.03639151267443694,6.459911737520046e-18,0.24251796040741957,0.38517006877707816
Hemisphere,Initial_Dataset_Atyp,0.3920855683947482,1.4800643527147501,0.047938201769509185,2.862578557443112e-16,0.29812841944289586,0.4860427173466005
Hemisphere,Dataset_Atyp_Slope,6.885030311542264,977.5312997409831,0.20312116041490968,7.584876486590054e-252,6.4869201526310585,7.28314047045347
Hemisphere,Dataset_Atyp_Volatility,-1.6463010009953027,0.1927616165335243,0.10240205104635687,3.708402575403484e-58,-1.8470053329891944,-1.445596669001411
Hemisphere,log_H_index,-0.3523175300147718,0.703056844879287,0.01788431443949264,2.164465849564399e-86,-0.387370142204367,-0.3172649178251766
Hemisphere,Topic_Diversity,-3.689896312598784,0.024974591458513683,0.10390429136230309,3.157699280530233e-276,-3.8935449815080543,-3.4862476436895133
Hemisphere,Academic_Age,0.0058805476445317984,1.0058978720070968,0.0006744697705055094,2.8123710131167335e-18,0.004558611185680005,0.007202484103383592
Hemisphere,log_Average_Team_Size,0.03283527982747495,1.033380306638925,0.005409524533335019,1.2798891058853267e-09,0.022232806568652473,0.04343775308629743
Hemisphere,log_author_avg_journal_impact,-0.3103042750243521,0.7332238205828461,0.02055518358326333,1.7165076806966962e-51,-0.3505916945431572,-0.270016855505547
Hemisphere,Hemisphere_Both,-0.09221752608066859,0.911906764464499,0.0715848877163964,0.19766724301297817,-0.23252132784214924,0.04808627568081207
Hemisphere,Hemisphere_North,0.02158104619250233,1.0218156012455026,0.06643552140349374,0.7453006719637517,-0.1086301830524853,0.15179227543748997
Develop_Status,Initial_Dataset_Atyp,0.37389144662169693,1.453379372652493,0.047944197177520374,6.2661590366092165e-15,0.2799225468860701,0.46786034635732376
Develop_Status,Dataset_Atyp_Slope,6.754877111497135,858.234276282534,0.2057550562865863,2.2197086596785642e-236,6.351604611538414,7.158149611455856
Develop_Status,Dataset_Atyp_Volatility,-1.833832320667183,0.15979998801224868,0.10268504167920209,2.468602257945145e-71,-2.035091304109413,-1.6325733372249525
Develop_Status,log_H_index,-0.29043543957401124,0.7479378149373934,0.018082094966354316,4.707637579264832e-58,-0.3258756944730987,-0.25499518467492377
Develop_Status,Topic_Diversity,-3.601659593377871,0.027278413785836786,0.10408761684460391,2.341854978977644e-262,-3.8056675736298993,-3.3976516131258427
Develop_Status,Academic_Age,0.004887499955872421,1.004899463266067,0.0006895223080420623,1.3582777122035753e-12,0.003536061065573046,0.006238938846171796
Develop_Status,log_Average_Team_Size,0.03790273598700151,1.0386302066235502,0.005394853661641503,2.129638243220494e-12,0.027329017108320128,0.04847645486568289
Develop_Status,log_author_avg_journal_impact,-0.3730574800846746,0.6886256494456989,0.021342863547297124,2.0615385096019126e-68,-0.41488872396432974,-0.33122623620501945
Develop_Status,Develop_Status_Both,-0.5648131022815644,0.5684663818994627,0.02330197461324695,8.668173351021098e-130,-0.6104841332921951,-0.5191420712709338
Develop_Status,Develop_Status_Developing,-0.1593007655942527,0.852739845589464,0.03174359055545131,5.211444634944918e-07,-0.22151705982292308,-0.09708447136558233
